Headline,URL
"Cripple F-16s, Stifle Pak Army, 3-Front Strike! Ex-IAF Air Marshal Writes How India Can Get Pakistan To Its Knees",https://www.eurasiantimes.com/cripple-f-16s-stifle-pak-army-3-front-strik/
India-Pakistan War: Demonstrative Military Strikes Unlikely To Break Pak Army’s Will; India Must Go For “Munir’s Head”: OPED,https://www.eurasiantimes.com/india-pakistan-war-military-to-break-pak-armys/
"UK, France “Sabotaging” U.S. Efforts To End Ukraine War, Russian Intel Claims; Is Europe Keen On A Clash With Moscow? OPED",https://www.eurasiantimes.com/uk-france-sabotaging-u-s-efforts-to-end-ukraine/
"A Message To U.S., India & Israel! Why Deadly Kashmir Attack By Pak-Based Terrorists Is A Wake-Up Call For The World: OPED",https://www.eurasiantimes.com/a-message-to-u-s-india-israel-why-deadly-kashmir/
"After Pakistan Air Force, China’s PLAAF Is Now Exercising With More Air Forces To Sharpen Its Combat Edge",https://www.eurasiantimes.com/after-pakistan-air-force-chinas-plaaf-is-now-exercising-with-more-air-forces-to-sharpen-its-combat-edge/
India “Beats” Pakistan In Nuclear Warheads For 1st Time In Over Two Decades Amid Boiling Tensions After Terror Attacks: FAS,https://www.eurasiantimes.com/india-beats-pakistan-in-nuclear-warhead/
India Wants Its “Crimea” Back! Will Delhi Seize The Strategic Region “Gifted” To Pakistan 60 Years Ago? OPED,https://www.eurasiantimes.com/why-returning-haji-pir-pass-60-years-ago-still-haunts-india/
U.S. U-Turns On Crimea? Trump Pushes For International Recognition Of Crimean Peninsula As Russian Territory,https://www.eurasiantimes.com/new-international-recognition-of-crimea/
U.S. Mulls Resurrecting “Frozen” Alaskan Island As A Frontline Military Base To Check Russian & Chinese Ambitions,https://www.eurasiantimes.com/from-cold-war-relic-to-strategic-revival-adak-island/
Indo-Pak Tensions: China Makes “Express” Delivery Of PL-15 Missiles To Pakistan To Counter Rafale Threat: Speculative Report,https://www.eurasiantimes.com/indo-pak-tensions-china-makes-express-delivery/
"Cripple F-16s, Stifle Pak Army, 3-Front Strike! Ex-IAF Air Marshal Writes How India Can Get Pakistan To Its Knees",https://www.eurasiantimes.com/cripple-f-16s-stifle-pak-army-3-front-strik/
India “Beats” Pakistan In Nuclear Warheads For 1st Time In Over Two Decades Amid Boiling Tensions After Terror Attacks: FAS,https://www.eurasiantimes.com/india-beats-pakistan-in-nuclear-warhead/
India-Pakistan War: Demonstrative Military Strikes Unlikely To Break Pak Army’s Will; India Must Go For “Munir’s Head”: OPED,https://www.eurasiantimes.com/india-pakistan-war-military-to-break-pak-armys/
Indo-Pak Tensions: China Makes “Express” Delivery Of PL-15 Missiles To Pakistan To Counter Rafale Threat: Speculative Report,https://www.eurasiantimes.com/indo-pak-tensions-china-makes-express-delivery/
India Wants Its “Crimea” Back! Will Delhi Seize The Strategic Region “Gifted” To Pakistan 60 Years Ago? OPED,https://www.eurasiantimes.com/why-returning-haji-pir-pass-60-years-ago-still-haunts-india/
Kashmir: How United Nations Is “Directly Responsible” For One Of World’s Longest Running Conflicts,https://www.eurasiantimes.com/kashmir-how-united-nation-is-directly/
Pakistan’s “Drone Terrorism” Haunts Indian Border Forces; BSF To Get More Anti-Drone Units To Fight Cross-Border Menace,https://www.eurasiantimes.com/from-lahore-to-amritsar-with-drugs-and-arms-drones/
China Set To Host Pakistani Astronauts At Tiangong Space Station; Indian Vyomnauts Prepare For ISS Mission,https://www.eurasiantimes.com/pakistani-astronauts-will-visit-chinese-tiangong-space-station/
Indo-Pak Tensions: China Makes “Express” Delivery Of PL-15 Missiles To Pakistan To Counter Rafale Threat: Speculative Report,https://www.eurasiantimes.com/indo-pak-tensions-china-makes-express-delivery/
"Cripple F-16s, Stifle Pak Army, 3-Front Strike! Ex-IAF Air Marshal Writes How India Can Get Pakistan To Its Knees",https://www.eurasiantimes.com/cripple-f-16s-stifle-pak-army-3-front-strik/
India “Beats” Pakistan In Nuclear Warheads For 1st Time In Over Two Decades Amid Boiling Tensions After Terror Attacks: FAS,https://www.eurasiantimes.com/india-beats-pakistan-in-nuclear-warhead/
India-Pakistan War: Demonstrative Military Strikes Unlikely To Break Pak Army’s Will; India Must Go For “Munir’s Head”: OPED,https://www.eurasiantimes.com/india-pakistan-war-military-to-break-pak-armys/
"After Stealth Drone, Abrams MBT, Sidewinder Missile, “Brand New” StormBreaker Missile Could End Up Russian, Iranian Hands?",https://www.eurasiantimes.com/after-stealth-drone-will-it-end-up-in-enemy-hands/
"As China “Dumps” Boeing, India Shows Interest In “Rejected” Aircraft; Trade War Clips The Wings Of USA’s Largest Aerospace Exporter",https://www.eurasiantimes.com/tariff-turbulence-grounds-boeing/
When MiG-29s “Attacked” U.S. Navy Jets That Resulted In Mid-Air Collision Of 2 F/A-18 Hornets! A Recall,https://www.eurasiantimes.com/when-mig-29s-attacked-u-s-navy-jets-that-resulted/
"China’s “NMESIS”: Locking Down Entire Maritime Zones, How U.S. Navy-Marine Missile Threatens The World’s Biggest Navy",https://www.eurasiantimes.com/how-nmesis-is-redefining-us-philippine-military-posture/
"China’s J-10C “Losing” To FA-50 Fighters For Egypt Deal? Seoul, Cairo Ink Pact For Local Manufacturing Of Aircraft: Reports",https://www.eurasiantimes.com/chinas-j-10c-loses-to-fa-50-fighter-for-egypt/
Iran-Israel War: Netanyahu Considered Bombing Iranian Nuclear Sites After October 2024 ‘Missile Rain’: Reports,https://www.eurasiantimes.com/edited-israel-considered-striking-irans-nuclear-sites/
Chinese J-10C Fighters Drill In Egypt Amid Speculation That Cairo May Opt For Vigorous Dragons Over Upgrading Fighting Falcons,https://www.eurasiantimes.com/under-americas-nose-china-deploys-j-10c-fighter-jet/
"After ‘Multiple Setbacks’, Why A Nuclear Deal With The U.S. Is In The Best Interest Of Iran – OPED",https://www.eurasiantimes.com/why-a-nuclear-deal-with-the-u-s-is-in-the-best/
"China’s J-10C “Losing” To FA-50 Fighters For Egypt Deal? Seoul, Cairo Ink Pact For Local Manufacturing Of Aircraft: Reports",https://www.eurasiantimes.com/chinas-j-10c-loses-to-fa-50-fighter-for-egypt/
Landing The ‘Elephant’ On China’s Aircraft Carriers! Engineers Work On ‘Computer Model’ To Land J-36 On Big Warships,https://www.eurasiantimes.com/perilous-dance-of-landing-the-j-36-on-an-aircraft-carrier/
"After Pakistan Air Force, China’s PLAAF Is Now Exercising With More Air Forces To Sharpen Its Combat Edge",https://www.eurasiantimes.com/after-pakistan-air-force-chinas-plaaf-is-now-exercising-with-more-air-forces-to-sharpen-its-combat-edge/
"China’s “NMESIS”: Locking Down Entire Maritime Zones, How U.S. Navy-Marine Missile Threatens The World’s Biggest Navy",https://www.eurasiantimes.com/how-nmesis-is-redefining-us-philippine-military-posture/
U.S. U-Turns On Crimea? Trump Pushes For International Recognition Of Crimean Peninsula As Russian Territory,https://www.eurasiantimes.com/new-international-recognition-of-crimea/
"Mirage-2000, F-16 & Swedish AEW&CS: Ukraine ‘Threatens’ Su-34, Su-35 Fighters With “Deadly Trio” Of Warplanes",https://www.eurasiantimes.com/ukraine-ups-the-ante-with-swedish-russian/
UK Wants “ITAR-Free Status” For Its Munitions As It Looks To End Reliance On U.S; To Establish New Domestic Supply Lines For Critical Ammo,https://www.eurasiantimes.com/amid-tiff-with-u-s-uk-wants-itar-free-statu/
Ukraine Braces For “Nuclear Catastrophe;” Partners Israeli Firm To Save Thousands From Deadly Radiation,https://www.eurasiantimes.com/ukraine-prepares-for-nuclear-catastrophe/
"“No Match”! China’s Liaoning & Shandong Stand No Chance Against British Aircraft Carrier, HMS Prince Of Wales: UK Media",https://www.eurasiantimes.com/no-match-to-british-aircraft-carrier-media-claims/
Indo-Pak Tensions: China Makes “Express” Delivery Of PL-15 Missiles To Pakistan To Counter Rafale Threat: Speculative Report,https://www.eurasiantimes.com/indo-pak-tensions-china-makes-express-delivery/
"Cripple F-16s, Stifle Pak Army, 3-Front Strike! Ex-IAF Air Marshal Writes How India Can Get Pakistan To Its Knees",https://www.eurasiantimes.com/cripple-f-16s-stifle-pak-army-3-front-strik/
India “Beats” Pakistan In Nuclear Warheads For 1st Time In Over Two Decades Amid Boiling Tensions After Terror Attacks: FAS,https://www.eurasiantimes.com/india-beats-pakistan-in-nuclear-warhead/
India-Pakistan War: Demonstrative Military Strikes Unlikely To Break Pak Army’s Will; India Must Go For “Munir’s Head”: OPED,https://www.eurasiantimes.com/india-pakistan-war-military-to-break-pak-armys/
"China’s J-10C “Losing” To FA-50 Fighters For Egypt Deal? Seoul, Cairo Ink Pact For Local Manufacturing Of Aircraft: Reports",https://www.eurasiantimes.com/chinas-j-10c-loses-to-fa-50-fighter-for-egypt/
"After Stealth Drone, Abrams MBT, Sidewinder Missile, “Brand New” StormBreaker Missile Could End Up Russian, Iranian Hands?",https://www.eurasiantimes.com/after-stealth-drone-will-it-end-up-in-enemy-hands/
"UK, France “Sabotaging” U.S. Efforts To End Ukraine War, Russian Intel Claims; Is Europe Keen On A Clash With Moscow? OPED",https://www.eurasiantimes.com/uk-france-sabotaging-u-s-efforts-to-end-ukraine/
Landing The ‘Elephant’ On China’s Aircraft Carriers! Engineers Work On ‘Computer Model’ To Land J-36 On Big Warships,https://www.eurasiantimes.com/perilous-dance-of-landing-the-j-36-on-an-aircraft-carrier/
"Rafale, Mirage & Jaguar: IAF’s “Very Rare” Trio Of French-Origin Jets Gear-Up For Possible Clash With Pakistan",https://www.eurasiantimes.com/iafs-very-rare-trio-of-french-origin-jets-rafale-mirage-jaguar/
"UK, France “Sabotaging” U.S. Efforts To End Ukraine War, Russian Intel Claims; Is Europe Keen On A Clash With Moscow? OPED",https://www.eurasiantimes.com/uk-france-sabotaging-u-s-efforts-to-end-ukraine/
All Bark & No Bite? Is Russia’s “High-Value Asset” Geran-3 Kamikaze Drone More Noise Than Threat To Ukraine?,https://www.eurasiantimes.com/high-value-asset-geran-3-kamikaze-drone-more-noise/
"Mirage-2000, F-16 & Swedish AEW&CS: Ukraine ‘Threatens’ Su-34, Su-35 Fighters With “Deadly Trio” Of Warplanes",https://www.eurasiantimes.com/ukraine-ups-the-ante-with-swedish-russian/
Ukraine Braces For “Nuclear Catastrophe;” Partners Israeli Firm To Save Thousands From Deadly Radiation,https://www.eurasiantimes.com/ukraine-prepares-for-nuclear-catastrophe/
"“Deadlier” Than ATACMS, Russia Admits Rising Threat From ‘Made In Ukraine’ Sapsan Ballistic Missile",https://www.eurasiantimes.com/deadlier-than-atacms-russia-for-the-1st-time-admit/
